source_key	preset_enabled	targets	state_properties	variant_count	direct_file_count	dependency_closure_count	direct_path_set_sha256	tooltip
deco.anvil	false	anvil	facing=east,north,south,west	4	1	3	712214de7826bd4c195c1974946e93c1df2eccc0775d12f7b0604ed8acb1a447	Show anvil orientation
deco.beehive	false	beehive	facing=east,north,south,west;honey_level=0,1,2,3,4,5	24	1	10	233678f63073888e066e63cc4c12f81a4f9042cedc3b0653086c2870cafc4bf1	Show beehive orientation
deco.campfire	false	campfire|soul_campfire	facing=east,north,south,west;lit=false,true	16	2	9	b5a57f57e0a89e51a51ddecfcd631460d669197309c9c98fef7f80c7968545db	Show campfires orientation
deco.fence_gate	false	acacia_fence_gate|bamboo_fence_gate|birch_fence_gate|cherry_fence_gate|crimson_fence_gate|dark_oak_fence_gate|jungle_fence_gate|mangrove_fence_gate|oak_fence_gate|pale_oak_fence_gate|spruce_fence_gate|warped_fence_gate	facing=east,north,south,west;in_wall=false,true;open=false,true	192	12	39	86419ff302fcbe25355ec47bfc01bb9da1b5f6e1fcea0a7a600e0a05345e8cde	Show fence gates orientation
deco.froglight	false	ochre_froglight|pearlescent_froglight|verdant_froglight	axis=x,y,z	9	3	15	8e17878217cb4c7ec62ae3629ce4fae2469bfbd8a1b1f5a55ca58527158c3d6f	Show flog lights orientation
deco.glazedterracotta	false	black_glazed_terracotta|blue_glazed_terracotta|brown_glazed_terracotta|cyan_glazed_terracotta|gray_glazed_terracotta|green_glazed_terracotta|light_blue_glazed_terracotta|light_gray_glazed_terracotta|lime_glazed_terracotta|magenta_glazed_terracotta|orange_glazed_terracotta|pink_glazed_terracotta|purple_glazed_terracotta|red_glazed_terracotta|white_glazed_terracotta|yellow_glazed_terracotta	facing=east,north,south,west	64	16	49	fa94183b0aad5f6862b1ef82a401fbafd51519cc240875e4b19393c2a50c3eb2	Show glazed terracottas orientation
deco.grindstone	false	grindstone	face=ceiling,floor,wall;facing=east,north,south,west	12	1	4	cd06f47c2902b271b73cbc502d85f1716bf1073f1ad464d7496326b424440e28	Show grindstone orientation
deco.log	false	acacia_log|bamboo_block|birch_log|cherry_log|crimson_stem|dark_oak_log|jungle_log|mangrove_log|oak_log|pale_oak_log|spruce_log|stripped_acacia_log|stripped_bamboo_block|stripped_birch_log|stripped_cherry_log|stripped_crimson_stem|stripped_dark_oak_log|stripped_jungle_log|stripped_mangrove_log|stripped_oak_log|stripped_pale_oak_log|stripped_spruce_log|stripped_warped_stem|warped_stem	axis=x,y,z	72	24	251	3c276b9a061ed72eecd533ebc5be318a133e8b5d8dee8926459cd6ccf15d0e52	Show logs orientation
deco.slabs	false	acacia_slab|andesite_slab|bamboo_mosaic_slab|bamboo_slab|birch_slab|blackstone_slab|brick_slab|cherry_slab|cobbled_deepslate_slab|cobblestone_slab|crimson_slab|cut_copper_slab|cut_red_sandstone_slab|cut_sandstone_slab|dark_oak_slab|dark_prismarine_slab|deepslate_brick_slab|deepslate_tile_slab|diorite_slab|end_stone_brick_slab|exposed_cut_copper_slab|granite_slab|jungle_slab|mangrove_slab|mossy_cobblestone_slab|mossy_stone_brick_slab|mud_brick_slab|nether_brick_slab|oak_slab|oxidized_cut_copper_slab|pale_oak_slab|polished_andesite_slab|polished_blackstone_brick_slab|polished_blackstone_slab|polished_deepslate_slab|polished_diorite_slab|polished_granite_slab|polished_tuff_slab|prismarine_brick_slab|prismarine_slab|purpur_slab|quartz_slab|red_nether_brick_slab|red_sandstone_slab|resin_brick_slab|sandstone_slab|smooth_quartz_slab|smooth_red_sandstone_slab|smooth_sandstone_slab|smooth_stone_slab|spruce_slab|stone_brick_slab|stone_slab|tuff_brick_slab|tuff_slab|warped_slab|waxed_cut_copper_slab|waxed_exposed_cut_copper_slab|waxed_oxidized_cut_copper_slab|waxed_weathered_cut_copper_slab|weathered_cut_copper_slab	type=bottom,double,top	183	61	298	065c940ad2519df6cf15c8c22945731d4e46e9f5a4519142ca72d18dc611b4e6	Show slabs states
deco.stainedglass	false	black_stained_glass|black_stained_glass_pane|blue_stained_glass|blue_stained_glass_pane|brown_stained_glass|brown_stained_glass_pane|cyan_stained_glass|cyan_stained_glass_pane|gray_stained_glass|gray_stained_glass_pane|green_stained_glass|green_stained_glass_pane|light_blue_stained_glass|light_blue_stained_glass_pane|light_gray_stained_glass|light_gray_stained_glass_pane|lime_stained_glass|lime_stained_glass_pane|magenta_stained_glass|magenta_stained_glass_pane|orange_stained_glass|orange_stained_glass_pane|pink_stained_glass|pink_stained_glass_pane|purple_stained_glass|purple_stained_glass_pane|red_stained_glass|red_stained_glass_pane|white_stained_glass|white_stained_glass_pane|yellow_stained_glass|yellow_stained_glass_pane	east=false,true;north=false,true;south=false,true;west=false,true	16	32	160	558723719f0ed70f89b2cfd3276028464958ccd21010cce9e690d9e667385564	Make stained glasses opaque
deco.stairs	false	acacia_stairs|andesite_stairs|bamboo_mosaic_stairs|bamboo_stairs|birch_stairs|blackstone_stairs|brick_stairs|cherry_stairs|cobbled_deepslate_stairs|cobblestone_stairs|crimson_stairs|cut_copper_stairs|dark_oak_stairs|dark_prismarine_stairs|deepslate_brick_stairs|deepslate_tile_stairs|diorite_stairs|end_stone_brick_stairs|exposed_cut_copper_stairs|granite_stairs|jungle_stairs|mangrove_stairs|mossy_cobblestone_stairs|mossy_stone_brick_stairs|mud_brick_stairs|nether_brick_stairs|oak_stairs|oxidized_cut_copper_stairs|pale_oak_stairs|polished_andesite_stairs|polished_blackstone_brick_stairs|polished_blackstone_stairs|polished_deepslate_stairs|polished_diorite_stairs|polished_granite_stairs|polished_tuff_stairs|prismarine_brick_stairs|prismarine_stairs|purpur_stairs|quartz_stairs|red_nether_brick_stairs|red_sandstone_stairs|resin_brick_stairs|sandstone_stairs|smooth_quartz_stairs|smooth_red_sandstone_stairs|smooth_sandstone_stairs|spruce_stairs|stone_brick_stairs|stone_stairs|tuff_brick_stairs|tuff_stairs|warped_stairs|waxed_cut_copper_stairs|waxed_exposed_cut_copper_stairs|waxed_oxidized_cut_copper_stairs|waxed_weathered_cut_copper_stairs|weathered_cut_copper_stairs	facing=east,north,south,west;half=bottom,top;shape=inner_left,inner_right,outer_left,outer_right,straight	2320	58	2758	7e18388695c08bb9a09a77e671b5ae495669bc19ed4917dea0bc6bbb8645843a	Show stairs states
deco.trapdoor	false	acacia_trapdoor|bamboo_trapdoor|birch_trapdoor|cherry_trapdoor|copper_trapdoor|crimson_trapdoor|dark_oak_trapdoor|exposed_copper_trapdoor|iron_trapdoor|jungle_trapdoor|mangrove_trapdoor|oak_trapdoor|oxidized_copper_trapdoor|pale_oak_trapdoor|spruce_trapdoor|warped_trapdoor|waxed_copper_trapdoor|waxed_exposed_copper_trapdoor|waxed_oxidized_copper_trapdoor|waxed_weathered_copper_trapdoor|weathered_copper_trapdoor	facing=east,north,south,west;half=bottom,top;open=false,true	336	32	120	122986b723ad2b99d8cac4fd8e16fc78e4d8ed6f735b05d79d564c8f7ea8c630	Show trapdoors orientation
deco.wood	false	acacia_wood|birch_wood|cherry_wood|crimson_hyphae|dark_oak_wood|jungle_wood|mangrove_wood|oak_wood|pale_oak_wood|spruce_wood|stripped_acacia_wood|stripped_birch_wood|stripped_cherry_wood|stripped_crimson_hyphae|stripped_dark_oak_wood|stripped_jungle_wood|stripped_mangrove_wood|stripped_oak_wood|stripped_pale_oak_wood|stripped_spruce_wood|stripped_warped_hyphae|warped_hyphae	axis=x,y,z	66	22	237	9a83b6c2e2541fcef800d974357de716cd8d14a6109579c91646affaaa750aab	Show woods orientation
gaming.ancient_debris	false	ancient_debris		1	1	6	744a1e0e907d46eca89d30a4b10111fabad5ed2e390ace98ba6481f84724507b	
gaming.coal_ore	false	coal_ore		1	1	4	a61570c0a9401ba93e1f1e2884b6d200ad81fa7a95bb53136c98a017d96e0b09	
gaming.copper_ore	false	copper_ore		1	1	4	32bd21f1f1ed7002bcfb4ed035ffb0e29d4da1b33534cb198e586a06d34d79aa	
gaming.deepslate_coal_ore	false	deepslate_coal_ore		1	1	4	ec73667f055dcfd107207ec5952b799d68e0e0fe3d41b90cf808c7ce895ff8df	
gaming.deepslate_copper_ore	false	deepslate_copper_ore		1	1	4	a7048b41f0117ff813af83565a72d20fe1d4e06a90b913fcc746ff090eed1ae9	
gaming.deepslate_diamond_ore	false	deepslate_diamond_ore		1	1	4	de4517f602c9dcf1b52c51755191240cc70b91f5b0c71cc3eff714c451a18a90	
gaming.deepslate_emerald_ore	false	deepslate_emerald_ore		1	1	4	6d4973de277c29524c0191c154b81af939518a5cb5277c3cd48c21d60aa8d723	
gaming.deepslate_gold_ore	false	deepslate_gold_ore		1	1	4	7e095c4a085c571aab153c55c6f23734eeed4042318d0fe1fac9c5f534e80aa0	
gaming.deepslate_iron_ore	false	deepslate_iron_ore		1	1	4	2522a68501834fdc27924bbf0f57320b5a485339b607d24b529b50bd54e3163e	
gaming.deepslate_lapis_ore	false	deepslate_lapis_ore		1	1	4	8b8205cdf17d148f9a0ccbb1d99c5ce5aaa51b6ddcc3592e78457667a34e34d0	
gaming.deepslate_redstone_ore	false	deepslate_redstone_ore		1	1	4	4300aeed263d1386d14fc6846a3cbc24ead8664007ca35b96f834852ef2bf933	
gaming.diamond_ore	false	diamond_ore		1	1	4	53b544581aed98d12a66b60b61852f965caf87a9da0f1c2c53400a42763b0494	
gaming.emerald_ore	false	emerald_ore		1	1	4	b428a0d752ee016fb4ae28109b8767d4d67d94c239caf295d6e940597d109190	
gaming.gold_ore	false	gold_ore		1	1	4	eeec07eda7d406f3abb90bb977a2c9cd6d2b87d15d0c07c6f5382f60dcaabf1f	
gaming.iron_ore	false	iron_ore		1	1	4	a8c47a1d3fe565f5f644e94abc6a44f328bebc1bf4094da0051291a2d0bc0766	
gaming.lapis_ore	false	lapis_ore		1	1	4	bea3f523a3cb465968f061273ec823e5c1636b1ee2a2881c4a6d9e651002b25e	
gaming.obsidian	false	obsidian		1	1	4	ca0efbbc1255dd487d22967eeb6c03cb68aefbcbf8ec83dc9af7b73cd8dbd393	
gaming.redstone_ore	false	redstone_ore		1	1	4	85880309d416ae679d3d905850cc0902dd7f9f4b49c0c557ae13e6428ae258f8	
others.nethertweaks	false	basalt|blackstone|chiseled_nether_bricks|chiseled_polished_blackstone|cracked_nether_bricks|cracked_polished_blackstone_bricks|crimson_nylium|crimson_stem|crying_obsidian|gilded_blackstone|glowstone|gravel|magma_block|nether_bricks|nether_gold_ore|nether_quartz_ore|nether_wart_block|netherrack|obsidian|polished_blackstone|polished_blackstone_bricks|shroomlight|soul_sand|soul_soil|warped_nylium|warped_stem|warped_wart_block		0	34	34	e20ab1991f3b4da58f67b94585ec79f5bb73e6d872090480cac96c56f8b73e40	Simplified view of blocks in nether
others.stringtweaks	true	tripwire	attached=false,true;east=false,true;north=false,true;powered=false,true;south=false,true;west=false,true	64	1	23	0ede1e28d89226df14b50201f5264d4b6cd93f428fec4165a22cd32a066703a4	Make the strings easier to see.
outline.blueice	true	blue_ice		0	1	1	b8777ecdb04cad9948e9f83751d0a7044e36d5ea467d1caad20a28fb6cfe27f5	
outline.deadcoral	true	dead_brain_coral|dead_brain_coral_block|dead_brain_coral_fan|dead_brain_coral_wall_fan|dead_bubble_coral|dead_bubble_coral_block|dead_bubble_coral_fan|dead_bubble_coral_wall_fan|dead_fire_coral|dead_fire_coral_block|dead_fire_coral_fan|dead_fire_coral_wall_fan|dead_horn_coral|dead_horn_coral_block|dead_horn_coral_fan|dead_horn_coral_wall_fan|dead_tube_coral|dead_tube_coral_block|dead_tube_coral_fan|dead_tube_coral_wall_fan		0	15	15	c74346508f1282885ee20f9543671cccf9b835acad71e8126ecb856fbea7934f	
outline.powdersnow	true	powder_snow		0	1	1	4291b1974c6845d3f006ecd413c7972f0c204b114ed8edb1fde94e52e478352f	
outline.sculk_catalyst	true	sculk_catalyst	bloom=false,true	2	1	9	25cc5a49483f4046254193499a5b7f28c20df1f41a01b6dbd22a9fa33c651081	
